INSERT INTO activity_journal
(id, event_type, object_type, object_id, created_timestamp, created_by, message_level, message)
VALUES (1000001, 'party', 'selection', 101, 1588421102, 11, 'high', 'The best time ever'),
(1000002, 'party', 'selection', 102, 1567490689, 11, 'high', 'Reluctant'),
(1000003, 'meeting', 'afflict', 103, 1588421102, 11, 'normal', 'Reverse'),
(1000004, 'conversation', 'signing', 104, 1551593089, 11, 'high', 'Determine'),
(1000005, 'talk', 'managing', 105, 1588421102, 11, 'average', 'React'),
(1000006, 'party', 'determine', 106, 1551593089, 11, 'low', 'Contribution'),
(1000007, 'consulting', 'selection', 107, 1559430529, 11, 'high', 'The best time ever'),
(1000008, 'party', 'reluctant', 108, 1588421102, 11, 'medium', 'WestSide'),
(1000009, 'observation', 'selection', 110, 1551481489, 11, 'high', 'The best time ever'),
(1000010, 'party', 'selection', 111, 1551481489, 11, 'basic', 'Getting around');





insert into authorize(id, username, email, password, role , forgot_password_key, forgot_password_key_timestamp, company_unit_id)
values (11111, 'Shaker', 'shaker@mail.ru', 'troller', 'CEO', 'achieve', 1600430689, 128323  ),
(11112, 'Josh', 'josh@mail.ru', 'fairy', 'manager', 'text', 1501974469, 128324  ),
(11113, 'Mary', 'mary@mail.ru', 'advanced', 'proccess manger', 'sample', 1553317320, 128324  ),
(11114, 'Lary', 'lary@mail.ru', 'midway', 'manager', 'custom', 1501974469, 128324  ),
(11115, 'Perry', 'perry0324@mail.ru', 'trader', 'afflict', 'greek', 1496599102, 128324  ),
(11116, 'Mark', 'mark324@mail.ru', 'engineer', 'rangers', 'hummble', 1600430689, 128324  ),
(11117, 'Clark', 'clark214@mail.ru', 'plumber', 'astonish', 'greek', 1553317320, 128324  ),
(11118, 'Stark', 'stark94353@mail.ru', 'fairy', 'tricky', 'trackk', 1486414702, 128324  ),
(11119, 'Max', 'bestmax@mail.ru', 'contract', 'laidback', 'step', 1499029102, 128324  ),
(11120, 'Kenzie', 'kenziebell@mail.ru', 'fairy', 'holder', 'lingrand', 1499028202, 128324  );





INSERT INTO public.location (id, row, line, columnn, box, company_unit_id, created_timestamp, created_by, updated_timstamp, updated_by) VALUES (111, 'cup', 'commitment', 'muggy', 'handy', 3294323, 1574026983, 73, 1587332583, 73);
INSERT INTO public.location (id, row, line, columnn, box, company_unit_id, created_timestamp, created_by, updated_timstamp, updated_by) VALUES (112, 'money', 'nose', 'output', 'produce', 3294324, 1574026984, 74, 1587332584, 74);
INSERT INTO public.location (id, row, line, columnn, box, company_unit_id, created_timestamp, created_by, updated_timstamp, updated_by) VALUES (113, 'anticipation', 'oh', 'fault', 'owner', 3294325, 1574026985, 75, 1587332585, 75);
INSERT INTO public.location (id, row, line, columnn, box, company_unit_id, created_timestamp, created_by, updated_timstamp, updated_by) VALUES (114, 'play', 'shift', 'notion', 'office', 3294326, 1574026986, 76, 1587332586, 76);
INSERT INTO public.location (id, row, line, columnn, box, company_unit_id, created_timestamp, created_by, updated_timstamp, updated_by) VALUES (115, 'ghostwriter', 'breed', 'tiptoe', 'modernize', 3294327, 1574026987, 77, 1587332587, 77);
INSERT INTO public.location (id, row, line, columnn, box, company_unit_id, created_timestamp, created_by, updated_timstamp, updated_by) VALUES (116, 'share', 'barrier', 'kit', 'serious', 3294328, 1574026988, 78, 1587332588, 78);
INSERT INTO public.location (id, row, line, columnn, box, company_unit_id, created_timestamp, created_by, updated_timstamp, updated_by) VALUES (117, 'complication', 'radical', 'lineage', 'chair', 3294329, 1574026989, 79, 1587332589, 79);
INSERT INTO public.location (id, row, line, columnn, box, company_unit_id, created_timestamp, created_by, updated_timstamp, updated_by) VALUES (118, 'legislation', 'cellar', 'tempt', 'diplomat', 3294330, 1574026990, 80, 1587332590, 80);
INSERT INTO public.location (id, row, line, columnn, box, company_unit_id, created_timestamp, created_by, updated_timstamp, updated_by) VALUES (119, 'accumulation', 'rest', 'shrink', 'bowel', 3294331, 1574026991, 81, 1587332591, 81);
INSERT INTO public.location (id, row, line, columnn, box, company_unit_id, created_timestamp, created_by, updated_timstamp, updated_by) VALUES (120, 'personality', 'trouser', 'divide', 'trance', 3294332, 1574026992, 82, 1587332592, 82);






		INSERT INTO public.company_unit (id, name_ru, name_kz, name_en, parent_id, year, company_id, code_index,
                                 created_timestamp, created_by, updated_timestamp, updated_by)
VALUES (11111, 'offend', 'current', 'expose', 128543, 2002, 102321, 'strategic', 1496781802, 128322, 1536266602, 84291);

INSERT INTO public.company_unit (id, name_ru, name_kz, name_en, parent_id, year, company_id, code_index,
                                 created_timestamp, created_by, updated_timestamp, updated_by)
VALUES (11112, 'definite', 'laser', 'advocate', 128544, 2003, 102322, 'rage', 1496781803, 128323, 1536266603, 84292);

INSERT INTO public.company_unit (id, name_ru, name_kz, name_en, parent_id, year, company_id, code_index,
                                 created_timestamp, created_by, updated_timestamp, updated_by)
VALUES (11113, 'electronics', 'investment', 'eternal', 128545, 2004, 102323, 'mystery', 1496781804, 128324, 1536266604,
        84293);

INSERT INTO public.company_unit (id, name_ru, name_kz, name_en, parent_id, year, company_id, code_index,
                                 created_timestamp, created_by, updated_timestamp, updated_by)
VALUES (11114, 'orange', 'elect', 'prestige', 128546, 2005, 102324, 'coincide', 1496781805, 128325, 1536266605, 84294);

INSERT INTO public.company_unit (id, name_ru, name_kz, name_en, parent_id, year, company_id, code_index,
                                 created_timestamp, created_by, updated_timestamp, updated_by)
VALUES (11115, 'barrier', 'proportion', 'plain', 128547, 2006, 102325, 'stain', 1496781806, 128326, 1536266606, 84295);

INSERT INTO public.company_unit (id, name_ru, name_kz, name_en, parent_id, year, company_id, code_index,
                                 created_timestamp, created_by, updated_timestamp, updated_by)
VALUES (11116, 'reputation', 'broccoli', 'momentum', 128548, 2007, 102326, 'entry', 1496781807, 128327, 1536266607,
        84296);

INSERT INTO public.company_unit (id, name_ru, name_kz, name_en, parent_id, year, company_id, code_index,
                                 created_timestamp, created_by, updated_timestamp, updated_by)
VALUES (11117, 'donor', 'justify', 'breeze', 128549, 2008, 102327, 'combination', 1496781808, 128328, 1536266608,
        84297);

INSERT INTO public.company_unit (id, name_ru, name_kz, name_en, parent_id, year, company_id, code_index,
                                 created_timestamp, created_by, updated_timestamp, updated_by)
VALUES (11118, 'trouble', 'tent', 'integration', 128550, 2009, 102328, 'battle', 1496781809, 128329, 1536266609, 84298);

INSERT INTO public.company_unit (id, name_ru, name_kz, name_en, parent_id, year, company_id, code_index,
                                 created_timestamp, created_by, updated_timestamp, updated_by)
VALUES (11119, 'fisherman', 'motorist', 'toll', 128551, 2010, 102329, 'voter', 1496781810, 128330, 1536266610, 84299);

INSERT INTO public.company_unit (id, name_ru, name_kz, name_en, parent_id, year, company_id, code_index,
                                 created_timestamp, created_by, updated_timestamp, updated_by)
VALUES (11120, 'imagine', 'expression', 'confusion', 128552, 2011, 102330, 'community', 1496781811, 128331, 1536266611,
        84300);






INSERT INTO public.case_index (id, case_index, title_ru, title_kz, title_en, storage_type, storage_year, note,
                               company_unit_id, nomenclature_id, created_timestamp, created_by, updated_timestamp,
                               updated_by)
VALUES (11165, 'counter', 'команда', 'kazakh', 'leather', 12, 2017, 'acc', 11111, 18473, 1499028202, 1945,
        1486413802, 1286);

INSERT INTO public.case_index (id, case_index, title_ru, title_kz, title_en, storage_type, storage_year, note,
                               company_unit_id, nomenclature_id, created_timestamp, created_by, updated_timestamp,
                               updated_by)
VALUES (11166, 'reference', 'штат', 'zhol', 'feeling', 13, 2018, 'repl', 11112, 18474, 1488487402, 1946, 1486413803,
        1287);

INSERT INTO public.case_index (id, case_index, title_ru, title_kz, title_en, storage_type, storage_year, note,
                               company_unit_id, nomenclature_id, created_timestamp, created_by, updated_timestamp,
                               updated_by)
VALUES (11167, 'qwerty', 'расчет', 'kazakhmys', 'state', 14, 2018, 'const', 11113, 18475, 1483389802, 1947,
        1486413804, 1288);

INSERT INTO public.case_index (id, case_index, title_ru, title_kz, title_en, storage_type, storage_year, note,
                               company_unit_id, nomenclature_id, created_timestamp, created_by, updated_timestamp,
                               updated_by)
VALUES (11168, 'redirect', 'перечень', 'menkazakpyn', 'react', 15, 2016, 'final', 11114, 18476, 1483389802, 1948,
        1486413805, 1289);

INSERT INTO public.case_index (id, case_index, title_ru, title_kz, title_en, storage_type, storage_year, note,
                               company_unit_id, nomenclature_id, created_timestamp, created_by, updated_timestamp,
                               updated_by)
VALUES (11169, 'assume', 'конструкция', 'mekenzhai', 'feel', 16, 2015, 'static', 11115, 18477, 1491165802, 1949,
        1486413806, 1290);

INSERT INTO public.case_index (id, case_index, title_ru, title_kz, title_en, storage_type, storage_year, note,
                               company_unit_id, nomenclature_id, created_timestamp, created_by, updated_timestamp,
                               updated_by)
VALUES (11170, 'reflect', 'пигмент', 'mereke', 'simple', 17, 2014, 'percent',11116, 18478, 1493757802, 1950,
        1486413807, 1291);

INSERT INTO public.case_index (id, case_index, title_ru, title_kz, title_en, storage_type, storage_year, note,
                               company_unit_id, nomenclature_id, created_timestamp, created_by, updated_timestamp,
                               updated_by)
VALUES (11171, 'contradict', 'массив', 'bereke', 'great', 18, 2015, 'attract', 11117, 18479, 1493757802, 1951,
        1486413808, 1292);

INSERT INTO public.case_index (id, case_index, title_ru, title_kz, title_en, storage_type, storage_year, note,
                               company_unit_id, nomenclature_id, created_timestamp, created_by, updated_timestamp,
                               updated_by)
VALUES (11172, 'reject', 'цисло', 'say', 'fine', 19, 2019, 'gullible', 11118, 18480, 1494017002, 1952, 1486413809,
        1293);

INSERT INTO public.case_index (id, case_index, title_ru, title_kz, title_en, storage_type, storage_year, note,
                               company_unit_id, nomenclature_id, created_timestamp, created_by, updated_timestamp,
                               updated_by)
VALUES (11173, 'achieve', 'цикл', 'assau', 'state', 20, 2020, 'statement', 11119, 18481, 1496781802, 1953,
        1486413810, 1294);

INSERT INTO public.case_index (id, case_index, title_ru, title_kz, title_en, storage_type, storage_year, note,
                               company_unit_id, nomenclature_id, created_timestamp, created_by, updated_timestamp,
                               updated_by)
VALUES (11174, 'buy', 'линия', 'zholaman', 'create', 20, 2012, 'resultset', 11120, 18482, 1496781802, 1954,
        1486413811, 1295);




INSERT INTO public.location (id, row, line, columnn, box, company_unit_id, created_timestamp, created_by, updated_timstamp, updated_by) VALUES (1234, 'cup', 'commitment', 'muggy', 'handy', 3294323, 1574026983, 73, 1587332583, 73);
INSERT INTO public.location (id, row, line, columnn, box, company_unit_id, created_timestamp, created_by, updated_timstamp, updated_by) VALUES (1235, 'money', 'nose', 'output', 'produce', 3294324, 1574026984, 74, 1587332584, 74);
INSERT INTO public.location (id, row, line, columnn, box, company_unit_id, created_timestamp, created_by, updated_timstamp, updated_by) VALUES (1236, 'anticipation', 'oh', 'fault', 'owner', 3294325, 1574026985, 75, 1587332585, 75);
INSERT INTO public.location (id, row, line, columnn, box, company_unit_id, created_timestamp, created_by, updated_timstamp, updated_by) VALUES (1237, 'play', 'shift', 'notion', 'office', 3294326, 1574026986, 76, 1587332586, 76);
INSERT INTO public.location (id, row, line, columnn, box, company_unit_id, created_timestamp, created_by, updated_timstamp, updated_by) VALUES (1238, 'ghostwriter', 'breed', 'tiptoe', 'modernize', 3294327, 1574026987, 77, 1587332587, 77);
INSERT INTO public.location (id, row, line, columnn, box, company_unit_id, created_timestamp, created_by, updated_timstamp, updated_by) VALUES (1239, 'share', 'barrier', 'kit', 'serious', 3294328, 1574026988, 78, 1587332588, 78);
INSERT INTO public.location (id, row, line, columnn, box, company_unit_id, created_timestamp, created_by, updated_timstamp, updated_by) VALUES (1240, 'complication', 'radical', 'lineage', 'chair', 3294329, 1574026989, 79, 1587332589, 79);
INSERT INTO public.location (id, row, line, columnn, box, company_unit_id, created_timestamp, created_by, updated_timstamp, updated_by) VALUES (1241, 'legislation', 'cellar', 'tempt', 'diplomat', 3294330, 1574026990, 80, 1587332590, 80);
INSERT INTO public.location (id, row, line, columnn, box, company_unit_id, created_timestamp, created_by, updated_timstamp, updated_by) VALUES (1242, 'accumulation', 'rest', 'shrink', 'bowel', 3294331, 1574026991, 81, 1587332591, 81);
INSERT INTO public.location (id, row, line, columnn, box, company_unit_id, created_timestamp, created_by, updated_timstamp, updated_by) VALUES (1243, 'personality', 'trouser', 'divide', 'trance', 3294332, 1574026992, 82, 1587332592, 82);




INSERT INTO public.record (id, number, type, company_unit_id, created_timestamp, created_by, updated_timestamp, updated_by) VALUES (753, '8325
', '9342
', 11111, 1535917383, 734, 1567453383, 734);
INSERT INTO public.record (id, number, type, company_unit_id, created_timestamp, created_by, updated_timestamp, updated_by) VALUES (754, '8325
', '9343
', 11112, 1535917384, 735, 1567453384, 735);
INSERT INTO public.record (id, number, type, company_unit_id, created_timestamp, created_by, updated_timestamp, updated_by) VALUES (755, '8325
', '9344
', 11113, 1535917385, 736, 1567453385, 736);
INSERT INTO public.record (id, number, type, company_unit_id, created_timestamp, created_by, updated_timestamp, updated_by) VALUES (756, '8325
', '9345
', 11114, 1535917386, 737, 1567453386, 737);
INSERT INTO public.record (id, number, type, company_unit_id, created_timestamp, created_by, updated_timestamp, updated_by) VALUES (757, '8325
', '9346
', 11115, 1535917387, 738, 1567453387, 738);
INSERT INTO public.record (id, number, type, company_unit_id, created_timestamp, created_by, updated_timestamp, updated_by) VALUES (758, '8325
', '9347
', 11116, 1535917388, 739, 1567453388, 739);
INSERT INTO public.record (id, number, type, company_unit_id, created_timestamp, created_by, updated_timestamp, updated_by) VALUES (759, '8325
', '9348
', 11117, 1535917389, 740, 1567453389, 740);
INSERT INTO public.record (id, number, type, company_unit_id, created_timestamp, created_by, updated_timestamp, updated_by) VALUES (760, '8325
', '9349
', 11118, 1535917390, 741, 1567453390, 741);
INSERT INTO public.record (id, number, type, company_unit_id, created_timestamp, created_by, updated_timestamp, updated_by) VALUES (761, '8325
', '9350
', 11119, 1535917391, 742, 1567453391, 742);
INSERT INTO public.record (id, number, type, company_unit_id, created_timestamp, created_by, updated_timestamp, updated_by) VALUES (762, '8326', '9351', 11120, 1535917392, 743, 1567453392, 743);








INSERT INTO public.cases (id, case_number, tom_number, case_header_ru, case_header_kz, case_header_en, start_date, end_date, page_quantity, ecp_sign_flag, ecp_sign, naf_send_sign, delete_sign, restricted_access_flag, hash, version, version_id, active_sign_version, note, location_id, case_index_id, inventory_id, destruction_act_id, unit_structure_id, blockchain_case_address, blockchain_addition_date, creation_date, created_by, changed_date, changed_by) VALUES (100001, '342423435
', '39843522
', 'boom', 'cotton', 'mind', 1489848183, 1537281783, 123, true, 'facility', true, false, true, 'diagram', 1884, '82347231
', false, 'display', 111, 11165, 753, 753,11111, 'eliminate', 1534185783, 1439491383, 23528, 1442169783, 23528);
INSERT INTO public.cases (id, case_number, tom_number, case_header_ru, case_header_kz, case_header_en, start_date, end_date, page_quantity, ecp_sign_flag, ecp_sign, naf_send_sign, delete_sign, restricted_access_flag, hash, version, version_id, active_sign_version, note, location_id, case_index_id, inventory_id, destruction_act_id, unit_structure_id, blockchain_case_address, blockchain_addition_date, creation_date, created_by, changed_date, changed_by) VALUES (100002, '342423436
', '39843523
', 'basket', 'manufacturer', 'tree', 1489848184, 1537281784, 124, false, 'conductor', false, false, false, 'lily', 1884, '82347232
', false, 'lost', 112, 11166, 754, 754, 11112, 'refund', 1534185784, 1439491384, 23529, 1442169784, 23529);
INSERT INTO public.cases (id, case_number, tom_number, case_header_ru, case_header_kz, case_header_en, start_date, end_date, page_quantity, ecp_sign_flag, ecp_sign, naf_send_sign, delete_sign, restricted_access_flag, hash, version, version_id, active_sign_version, note, location_id, case_index_id, inventory_id, destruction_act_id, unit_structure_id, blockchain_case_address, blockchain_addition_date, creation_date, created_by, changed_date, changed_by) VALUES (100003, '342423437
', '39843524
', 'assignment', 'list', 'bush', 1489848185, 1537281785, 125, false, 'dome', false, true, false, 'detail', 1884, '82347233
', true, 'splurge', 113, 11167, 755, 755, 11113, 'illusion', 1534185785, 1439491385, 23530, 1442169785, 23530);
INSERT INTO public.cases (id, case_number, tom_number, case_header_ru, case_header_kz, case_header_en, start_date, end_date, page_quantity, ecp_sign_flag, ecp_sign, naf_send_sign, delete_sign, restricted_access_flag, hash, version, version_id, active_sign_version, note, location_id, case_index_id, inventory_id, destruction_act_id, unit_structure_id, blockchain_case_address, blockchain_addition_date, creation_date, created_by, changed_date, changed_by) VALUES (100004, '342423438
', '39843525
', 'implication', 'fork', 'self', 1489848186, 1537281786, 126, true, 'brink', true, true, true, 'plan', 1884, '82347234
', true, 'fruit', 114, 11168, 756, 756, 11114, 'tease', 1534185786, 1439491386, 23531, 1442169786, 23531);
INSERT INTO public.cases (id, case_number, tom_number, case_header_ru, case_header_kz, case_header_en, start_date, end_date, page_quantity, ecp_sign_flag, ecp_sign, naf_send_sign, delete_sign, restricted_access_flag, hash, version, version_id, active_sign_version, note, location_id, case_index_id, inventory_id, destruction_act_id, unit_structure_id, blockchain_case_address, blockchain_addition_date, creation_date, created_by, changed_date, changed_by) VALUES (100005, '342423439
', '39843526
', 'coach', 'arch', 'withdraw', 1489848187, 1537281787, 127, true, 'unity', true, false, true, 'virgin', 1884, '82347235
', false, 'personality', 115, 11169, 757, 757, 11115, 'wage', 1534185787, 1439491387, 23532, 1442169787, 23532);
INSERT INTO public.cases (id, case_number, tom_number, case_header_ru, case_header_kz, case_header_en, start_date, end_date, page_quantity, ecp_sign_flag, ecp_sign, naf_send_sign, delete_sign, restricted_access_flag, hash, version, version_id, active_sign_version, note, location_id, case_index_id, inventory_id, destruction_act_id, unit_structure_id, blockchain_case_address, blockchain_addition_date, creation_date, created_by, changed_date, changed_by) VALUES (100006, '342423440
', '39843527
', 'statement', 'declaration', 'ward', 1489848188, 1537281788, 128, false, 'lily', false, false, false, 'depend', 1884, '82347236
', false, 'loose', 116, 11170, 758, 758, 11116, 'incident', 1534185788, 1439491388, 23533, 1442169788, 23533);
INSERT INTO public.cases (id, case_number, tom_number, case_header_ru, case_header_kz, case_header_en, start_date, end_date, page_quantity, ecp_sign_flag, ecp_sign, naf_send_sign, delete_sign, restricted_access_flag, hash, version, version_id, active_sign_version, note, location_id, case_index_id, inventory_id, destruction_act_id, unit_structure_id, blockchain_case_address, blockchain_addition_date, creation_date, created_by, changed_date, changed_by) VALUES (100007, '342423441
', '39843528
', 'revenge', 'tension', 'cake', 1489848189, 1537281789, 129, false, 'symbol', false, false, false, 'chew', 1884, '82347237
', false, 'tongue', 117, 11171, 759, 759, 11117, 'touch', 1534185789, 1439491389, 23534, 1442169789, 23534);
INSERT INTO public.cases (id, case_number, tom_number, case_header_ru, case_header_kz, case_header_en, start_date, end_date, page_quantity, ecp_sign_flag, ecp_sign, naf_send_sign, delete_sign, restricted_access_flag, hash, version, version_id, active_sign_version, note, location_id, case_index_id, inventory_id, destruction_act_id, unit_structure_id, blockchain_case_address, blockchain_addition_date, creation_date, created_by, changed_date, changed_by) VALUES (100008, '342423442
', '39843529
', 'disgrace', 'determine', 'science', 1489848190, 1537281790, 130, true, 'man', true, true, true, 'table', 1884, '82347238
', true, 'mix', 118, 11172, 760, 760, 11118, 'poem', 1534185790, 1439491390, 23535, 1442169790, 23535);
INSERT INTO public.cases (id, case_number, tom_number, case_header_ru, case_header_kz, case_header_en, start_date, end_date, page_quantity, ecp_sign_flag, ecp_sign, naf_send_sign, delete_sign, restricted_access_flag, hash, version, version_id, active_sign_version, note, location_id, case_index_id, inventory_id, destruction_act_id, unit_structure_id, blockchain_case_address, blockchain_addition_date, creation_date, created_by, changed_date, changed_by) VALUES (100009, '342423443
', '39843530
', 'waste', 'seed', 'lecture', 1489848191, 1537281791, 131, true, 'tiger', true, true, true, 'talk', 1884, '82347239
', true, 'market', 119, 11173, 761, 761, 11119, 'development', 1534185791, 1439491391, 23536, 1442169791, 23536);
INSERT INTO public.cases (id, case_number, tom_number, case_header_ru, case_header_kz, case_header_en, start_date, end_date, page_quantity, ecp_sign_flag, ecp_sign, naf_send_sign, delete_sign, restricted_access_flag, hash, version, version_id, active_sign_version, note, location_id, case_index_id, inventory_id, destruction_act_id, unit_structure_id, blockchain_case_address, blockchain_addition_date, creation_date, created_by, changed_date, changed_by) VALUES (100010, '342423444', '39843531', 'table', 'install', 'climate', 1489848192, 1537281792, 132, false, 'bride', false, false, false, 'misery', 1884, '82347240', false, 'compartment', 120, 11174, 762, 762, 11120, 'dignity', 1534185792, 1439491392, 23537, 1442169792, 23537);







INSERT INTO public.request (id, request_user_id, response_user_id, case_id, case_index_id, created_type, comment,
                            status, timestamp, sharestart, sharefinish, favorite, update_timestamp, update_by,
                            declinenote, company_unit_id, from_request_id)
VALUES (1122, 21434, 23123, 96743, 83284, 'touch', 'cook', 'count', 1507390983, 8199924522, 124823084, true, 1507390983,
        1574196183, 'loot', 23549054229, 9324194);

INSERT INTO public.request (id, request_user_id, response_user_id, case_id, case_index_id, created_type, comment,
                            status, timestamp, sharestart, sharefinish, favorite, update_timestamp, update_by,
                            declinenote, company_unit_id, from_request_id)
VALUES (1123, 21435, 23124, 96744, 83285, 'valid', 'knit', 'loan', 1507390984, 8199924523, 124823085, false, 1507390984,
        1574196184, 'body', 23549054230, 9324195);

INSERT INTO public.request (id, request_user_id, response_user_id, case_id, case_index_id, created_type, comment,
                            status, timestamp, sharestart, sharefinish, favorite, update_timestamp, update_by,
                            declinenote, company_unit_id, from_request_id)
VALUES (1124, 21436, 23125, 96745, 83286, 'cross', 'crouch', 'rubbish', 1507390985, 8199924524, 124823086, false,
        1507390985, 1574196185, 'baseball', 23549054231, 9324196);

INSERT INTO public.request (id, request_user_id, response_user_id, case_id, case_index_id, created_type, comment,
                            status, timestamp, sharestart, sharefinish, favorite, update_timestamp, update_by,
                            declinenote, company_unit_id, from_request_id)
VALUES (1125, 21437, 23126, 96746, 83287, 'heavy', 'depression', 'pitch', 1507390986, 8199924525, 124823087, true,
        1507390986, 1574196186, 'exploration', 23549054232, 9324197);

INSERT INTO public.request (id, request_user_id, response_user_id, case_id, case_index_id, created_type, comment,
                            status, timestamp, sharestart, sharefinish, favorite, update_timestamp, update_by,
                            declinenote, company_unit_id, from_request_id)
VALUES (1126, 21438, 23127, 96747, 83288, 'close', 'want', 'infection', 1507390987, 8199924526, 124823088, false,
        1507390987, 1574196187, 'marine', 23549054233, 9324198);

INSERT INTO public.request (id, request_user_id, response_user_id, case_id, case_index_id, created_type, comment,
                            status, timestamp, sharestart, sharefinish, favorite, update_timestamp, update_by,
                            declinenote, company_unit_id, from_request_id)
VALUES (1127, 21439, 23128, 96748, 83289, 'no', 'pool', 'diamond', 1507390988, 8199924527, 124823089, true, 1507390988,
        1574196188, 'detector', 23549054234, 9324199);

INSERT INTO public.request (id, request_user_id, response_user_id, case_id, case_index_id, created_type, comment,
                            status, timestamp, sharestart, sharefinish, favorite, update_timestamp, update_by,
                            declinenote, company_unit_id, from_request_id)
VALUES (1128, 21440, 23129, 96749, 83290, 'solve', 'impact', 'refer', 1507390989, 8199924528, 124823090, false,
        1507390989, 1574196189, 'fitness', 23549054235, 9324200);

INSERT INTO public.request (id, request_user_id, response_user_id, case_id, case_index_id, created_type, comment,
                            status, timestamp, sharestart, sharefinish, favorite, update_timestamp, update_by,
                            declinenote, company_unit_id, from_request_id)
VALUES (1129, 21441, 23130, 96750, 83291, 'abundant', 'therapist', 'charm', 1507390990, 8199924529, 124823091, false,
        1507390990, 1574196190, 'incapable', 23549054236, 9324201);

INSERT INTO public.request (id, request_user_id, response_user_id, case_id, case_index_id, created_type, comment,
                            status, timestamp, sharestart, sharefinish, favorite, update_timestamp, update_by,
                            declinenote, company_unit_id, from_request_id)
VALUES (1130, 21442, 23131, 96751, 83292, 'scene', 'garbage', 'petty', 1507390991, 8199924530, 124823092, true,
        1507390991, 1574196191, 'avant-garde', 23549054237, 9324202);

INSERT INTO public.request (id, request_user_id, response_user_id, case_id, case_index_id, created_type, comment,
                            status, timestamp, sharestart, sharefinish, favorite, update_timestamp, update_by,
                            declinenote, company_unit_id, from_request_id)
VALUES (1131, 21443, 23132, 96752, 83293, 'fragrant', 'committee', 'constitution', 1507390992, 8199924531, 124823093,
        false, 1507390992, 1574196192, 'property', 23549054238, 9324203);









INSERT INTO public.catalog (id, name_ru, name_kz, name_en, parent_id, company_unit_id, created_timestamp, created_by, updated_timestamp, updated_by) VALUES (9324314, 'suffering', 'mosquito', 'scatter', 200, 11111, 1567453383, 450, 1535917383, 450);
INSERT INTO public.catalog (id, name_ru, name_kz, name_en, parent_id, company_unit_id, created_timestamp, created_by, updated_timestamp, updated_by) VALUES (9324315, 'play', 'consideration', 'neck', 201, 11112, 1567453384, 451, 1535917384, 451);
INSERT INTO public.catalog (id, name_ru, name_kz, name_en, parent_id, company_unit_id, created_timestamp, created_by, updated_timestamp, updated_by) VALUES (9324316, 'detector', 'privacy', 'fit', 202, 11113, 1567453385, 452, 1535917385, 452);
INSERT INTO public.catalog (id, name_ru, name_kz, name_en, parent_id, company_unit_id, created_timestamp, created_by, updated_timestamp, updated_by) VALUES (9324317, 'normal', 'tissue', 'reduction', 203, 11114, 1567453386, 453, 1535917386, 453);
INSERT INTO public.catalog (id, name_ru, name_kz, name_en, parent_id, company_unit_id, created_timestamp, created_by, updated_timestamp, updated_by) VALUES (9324318, 'siege', 'gear', 'swipe', 204, 11115, 1567453387, 454, 1535917387, 454);
INSERT INTO public.catalog (id, name_ru, name_kz, name_en, parent_id, company_unit_id, created_timestamp, created_by, updated_timestamp, updated_by) VALUES (9324319, 'body', 'order', 'interference', 205, 11116, 1567453388, 455, 1535917388, 455);
INSERT INTO public.catalog (id, name_ru, name_kz, name_en, parent_id, company_unit_id, created_timestamp, created_by, updated_timestamp, updated_by) VALUES (9324320, 'pottery', 'protection', 'adult', 206, 11117, 1567453389, 456, 1535917389, 456);
INSERT INTO public.catalog (id, name_ru, name_kz, name_en, parent_id, company_unit_id, created_timestamp, created_by, updated_timestamp, updated_by) VALUES (9324321, 'cheese', 'lazy', 'carry', 207, 11118, 1567453390, 457, 1535917390, 457);
INSERT INTO public.catalog (id, name_ru, name_kz, name_en, parent_id, company_unit_id, created_timestamp, created_by, updated_timestamp, updated_by) VALUES (9324322, 'new', 'glide', 'truck', 208, 11119, 1567453391, 458, 1535917391, 458);
INSERT INTO public.catalog (id, name_ru, name_kz, name_en, parent_id, company_unit_id, created_timestamp, created_by, updated_timestamp, updated_by) VALUES (9324323, 'guilt', 'by', 'mountain', 209, 11120, 1567453392, 459, 1535917392, 459);





INSERT INTO public.catalog_case (id, case_id, catalog_id, company_unit_id, created_timestamp, created_by, updated_timestamp, updated_by) VALUES (300, 100001, 9324314, 11111, 1567453383, 75, 1567453383, 75);
INSERT INTO public.catalog_case (id, case_id, catalog_id, company_unit_id, created_timestamp, created_by, updated_timestamp, updated_by) VALUES (301, 100002, 9324315, 11112, 1567453384, 76, 1567453384, 76);
INSERT INTO public.catalog_case (id, case_id, catalog_id, company_unit_id, created_timestamp, created_by, updated_timestamp, updated_by) VALUES (302, 100003, 9324316, 11113, 1567453385, 77, 1567453385, 77);
INSERT INTO public.catalog_case (id, case_id, catalog_id, company_unit_id, created_timestamp, created_by, updated_timestamp, updated_by) VALUES (303, 100004, 9324317, 11114, 1567453386, 78, 1567453386, 78);
INSERT INTO public.catalog_case (id, case_id, catalog_id, company_unit_id, created_timestamp, created_by, updated_timestamp, updated_by) VALUES (304, 100005, 9324318, 11115, 1567453387, 79, 1567453387, 79);
INSERT INTO public.catalog_case (id, case_id, catalog_id, company_unit_id, created_timestamp, created_by, updated_timestamp, updated_by) VALUES (305, 100006, 9324319, 11116, 1567453388, 80, 1567453388, 80);
INSERT INTO public.catalog_case (id, case_id, catalog_id, company_unit_id, created_timestamp, created_by, updated_timestamp, updated_by) VALUES (306, 100007, 9324320, 11117, 1567453389, 81, 1567453389, 81);
INSERT INTO public.catalog_case (id, case_id, catalog_id, company_unit_id, created_timestamp, created_by, updated_timestamp, updated_by) VALUES (307, 100008, 9324321, 11118, 1567453390, 82, 1567453390, 82);
INSERT INTO public.catalog_case (id, case_id, catalog_id, company_unit_id, created_timestamp, created_by, updated_timestamp, updated_by) VALUES (308, 100009, 9324322, 11119, 1567453391, 83, 1567453391, 83);
INSERT INTO public.catalog_case (id, case_id, catalog_id, company_unit_id, created_timestamp, created_by, updated_timestamp, updated_by) VALUES (309, 100010, 9324323, 11120, 1567453392, 84, 1567453392, 84);





INSERT INTO public.fond (id, fond_number, created_timestamp, created_by, updated_timestamp, updated_by) VALUES (900, '834852494
', 1278704583, 640, 1535917383, 300);
INSERT INTO public.fond (id, fond_number, created_timestamp, created_by, updated_timestamp, updated_by) VALUES (901, '834852495
', 1278704584, 641, 1535917384, 301);
INSERT INTO public.fond (id, fond_number, created_timestamp, created_by, updated_timestamp, updated_by) VALUES (902, '834852496
', 1278704585, 642, 1535917385, 302);
INSERT INTO public.fond (id, fond_number, created_timestamp, created_by, updated_timestamp, updated_by) VALUES (903, '834852497
', 1278704586, 643, 1535917386, 303);
INSERT INTO public.fond (id, fond_number, created_timestamp, created_by, updated_timestamp, updated_by) VALUES (904, '834852498
', 1278704587, 644, 1535917387, 304);
INSERT INTO public.fond (id, fond_number, created_timestamp, created_by, updated_timestamp, updated_by) VALUES (905, '834852499
', 1278704588, 645, 1535917388, 305);
INSERT INTO public.fond (id, fond_number, created_timestamp, created_by, updated_timestamp, updated_by) VALUES (906, '834852500
', 1278704589, 646, 1535917389, 306);
INSERT INTO public.fond (id, fond_number, created_timestamp, created_by, updated_timestamp, updated_by) VALUES (907, '834852501
', 1278704590, 647, 1535917390, 307);
INSERT INTO public.fond (id, fond_number, created_timestamp, created_by, updated_timestamp, updated_by) VALUES (908, '834852502
', 1278704591, 648, 1535917391, 308);
INSERT INTO public.fond (id, fond_number, created_timestamp, created_by, updated_timestamp, updated_by) VALUES (909, '834852503', 1278704592, 649, 1535917392, 309);







INSERT INTO public.company (id, name_ru, name_kz, name_en, bin, parent_id, fond_id, created_timestamp, created_by, updated_timestamp, updated_by) VALUES (800, 'tract', 'hesitate', 'increase', 'expression', 7775822, 900, 1562614983, 640, 1594237383, 3324);
INSERT INTO public.company (id, name_ru, name_kz, name_en, bin, parent_id, fond_id, created_timestamp, created_by, updated_timestamp, updated_by) VALUES (801, 'roar', 'toss', 'tip', 'huge', 7775823, 901, 1562614983, 641, 1594237383, 3325);
INSERT INTO public.company (id, name_ru, name_kz, name_en, bin, parent_id, fond_id, created_timestamp, created_by, updated_timestamp, updated_by) VALUES (802, 'broadcast', 'casualty', 'punch', 'break', 7775824, 902, 1562614983, 642, 1594237383, 3326);
INSERT INTO public.company (id, name_ru, name_kz, name_en, bin, parent_id, fond_id, created_timestamp, created_by, updated_timestamp, updated_by) VALUES (803, 'overview', 'quantity', 'master', 'shout', 7775825, 903, 1562614983, 643, 1594237383, 3327);
INSERT INTO public.company (id, name_ru, name_kz, name_en, bin, parent_id, fond_id, created_timestamp, created_by, updated_timestamp, updated_by) VALUES (804, 'certain', 'launch', 'knowledge', 'peace', 7775826, 904, 1562614983, 644, 1594237383, 3328);
INSERT INTO public.company (id, name_ru, name_kz, name_en, bin, parent_id, fond_id, created_timestamp, created_by, updated_timestamp, updated_by) VALUES (805, 'golf', 'broken', 'innovation', 'vote', 7775827, 905, 1562614983, 645, 1594237383, 3329);
INSERT INTO public.company (id, name_ru, name_kz, name_en, bin, parent_id, fond_id, created_timestamp, created_by, updated_timestamp, updated_by) VALUES (806, 'locate', 'decline', 'pattern', 'period', 7775828, 906, 1562614983, 646, 1594237383, 3330);
INSERT INTO public.company (id, name_ru, name_kz, name_en, bin, parent_id, fond_id, created_timestamp, created_by, updated_timestamp, updated_by) VALUES (807, 'community', 'tease', 'clear', 'market', 7775829, 907, 1562614983, 647, 1594237383, 3331);
INSERT INTO public.company (id, name_ru, name_kz, name_en, bin, parent_id, fond_id, created_timestamp, created_by, updated_timestamp, updated_by) VALUES (808, 'spokesperson', 'disclose', 'printer', 'trolley', 7775830, 908, 1562614983, 648, 1594237383, 3332);
INSERT INTO public.company (id, name_ru, name_kz, name_en, bin, parent_id, fond_id, created_timestamp, created_by, updated_timestamp, updated_by) VALUES (809, 'underline', 'meat', 'breast', 'remain', 7775831, 909, 1562614983, 649, 1594237383, 3333);






INSERT INTO public.destruction_act (id, act_number, basis, structure_unit_id, creation_date, created_by, changed_date, changed_by) VALUES (855535472, '83201435114
', 'burial', 11111, 1531165383, 590, 1567449783, 590);
INSERT INTO public.destruction_act (id, act_number, basis, structure_unit_id, creation_date, created_by, changed_date, changed_by) VALUES (855535473, '83201435114
', 'mechanism', 11112, 1531165383, 591, 1567449783, 591);
INSERT INTO public.destruction_act (id, act_number, basis, structure_unit_id, creation_date, created_by, changed_date, changed_by) VALUES (855535474, '83201435114
', 'soul', 11113, 1531165383, 592, 1567449783, 592);
INSERT INTO public.destruction_act (id, act_number, basis, structure_unit_id, creation_date, created_by, changed_date, changed_by) VALUES (855535475, '83201435114
', 'silence', 11114, 1531165383, 593, 1567449783, 593);
INSERT INTO public.destruction_act (id, act_number, basis, structure_unit_id, creation_date, created_by, changed_date, changed_by) VALUES (855535476, '83201435114
', 'trend', 11115, 1531165383, 594, 1567449783, 594);
INSERT INTO public.destruction_act (id, act_number, basis, structure_unit_id, creation_date, created_by, changed_date, changed_by) VALUES (855535477, '83201435114
', 'load', 11116, 1531165383, 595, 1567449783, 595);
INSERT INTO public.destruction_act (id, act_number, basis, structure_unit_id, creation_date, created_by, changed_date, changed_by) VALUES (855535478, '83201435114
', 'unlike', 11117, 1531165383, 596, 1567449783, 596);
INSERT INTO public.destruction_act (id, act_number, basis, structure_unit_id, creation_date, created_by, changed_date, changed_by) VALUES (855535479, '83201435114
', 'nonsense', 11118, 1531165383, 597, 1567449783, 597);
INSERT INTO public.destruction_act (id, act_number, basis, structure_unit_id, creation_date, created_by, changed_date, changed_by) VALUES (855535480, '83201435114
', 'protect', 11119, 1531165383, 598, 1567449783, 598);
INSERT INTO public.destruction_act (id, act_number, basis, structure_unit_id, creation_date, created_by, changed_date, changed_by) VALUES (855535481, '83201435114', 'plant', 11120, 1531165383, 599, 1567449783, 599);






INSERT INTO public.tempfiles (id, file_binary, file_binary_byte) VALUES (7000, 'literature', '22');
INSERT INTO public.tempfiles (id, file_binary, file_binary_byte) VALUES (7001, 'delivery', '23');
INSERT INTO public.tempfiles (id, file_binary, file_binary_byte) VALUES (7002, 'ready', '24');
INSERT INTO public.tempfiles (id, file_binary, file_binary_byte) VALUES (7003, 'cafe', '24');
INSERT INTO public.tempfiles (id, file_binary, file_binary_byte) VALUES (7004, 'sip', '25');
INSERT INTO public.tempfiles (id, file_binary, file_binary_byte) VALUES (7005, 'pavement', '26');
INSERT INTO public.tempfiles (id, file_binary, file_binary_byte) VALUES (7006, 'leaflet', '27');
INSERT INTO public.tempfiles (id, file_binary, file_binary_byte) VALUES (7007, 'flow', '28');
INSERT INTO public.tempfiles (id, file_binary, file_binary_byte) VALUES (7008, 'movement', '29');
INSERT INTO public.tempfiles (id, file_binary, file_binary_byte) VALUES (7009, 'blade', '30');







INSERT INTO public.file (id, name, type, size, page_count, hash, is_deleted, file_binary_id, created_timestamp, created_by, updated_timestamp, updated_by) VALUES (1119897, 'producer', 'lounge', 834852494, 645, '93284444
', true, 7000, 1567449783, 745, 1586457783, 745);
INSERT INTO public.file (id, name, type, size, page_count, hash, is_deleted, file_binary_id, created_timestamp, created_by, updated_timestamp, updated_by) VALUES (1119898, 'tough', 'traction', 834852495, 646, '93284445
', true, 7001, 1567449783, 746, 1586457783, 746);
INSERT INTO public.file (id, name, type, size, page_count, hash, is_deleted, file_binary_id, created_timestamp, created_by, updated_timestamp, updated_by) VALUES (1119899, 'stitch', 'copper', 834852496, 647, '93284446
', false, 7002, 1567449783, 747, 1586457783, 747);
INSERT INTO public.file (id, name, type, size, page_count, hash, is_deleted, file_binary_id, created_timestamp, created_by, updated_timestamp, updated_by) VALUES (1119900, 'stab', 'pass', 834852497, 648, '93284447
', true, 7003, 1567449783, 748, 1586457783, 748);
INSERT INTO public.file (id, name, type, size, page_count, hash, is_deleted, file_binary_id, created_timestamp, created_by, updated_timestamp, updated_by) VALUES (1119901, 'colorful', 'strap', 834852498, 649, '93284448
', false, 7004, 1567449783, 749, 1586457783, 749);
INSERT INTO public.file (id, name, type, size, page_count, hash, is_deleted, file_binary_id, created_timestamp, created_by, updated_timestamp, updated_by) VALUES (1119902, 'shout', 'engineer', 834852499, 650, '93284449
', false, 7005, 1567449783, 750, 1586457783, 750);
INSERT INTO public.file (id, name, type, size, page_count, hash, is_deleted, file_binary_id, created_timestamp, created_by, updated_timestamp, updated_by) VALUES (1119903, 'book', 'petty', 834852500, 651, '93284450
', false, 7006, 1567449783, 751, 1586457783, 751);
INSERT INTO public.file (id, name, type, size, page_count, hash, is_deleted, file_binary_id, created_timestamp, created_by, updated_timestamp, updated_by) VALUES (1119904, 'mountain', 'fashionable', 834852501, 652, '93284451
', true, 7007, 1567449783, 752, 1586457783, 752);
INSERT INTO public.file (id, name, type, size, page_count, hash, is_deleted, file_binary_id, created_timestamp, created_by, updated_timestamp, updated_by) VALUES (1119905, 'agree', 'report', 834852502, 653, '93284452
', true, 7008, 1567449783, 753, 1586457783, 753);
INSERT INTO public.file (id, name, type, size, page_count, hash, is_deleted, file_binary_id, created_timestamp, created_by, updated_timestamp, updated_by) VALUES (1119906, 'pierce', 'campaign', 834852503, 654, '93284453', false, 7009, 1567449783, 754, 1586457783, 754);






INSERT INTO public.file_routing (id, file_id, table_name, table_id, type) VALUES (9325232, 1119897, 'promote', 100001, 'abstract');
INSERT INTO public.file_routing (id, file_id, table_name, table_id, type) VALUES (9325233, 1119898, 'mess', 100002, 'rape');
INSERT INTO public.file_routing (id, file_id, table_name, table_id, type) VALUES (9325234, 1119899, 'abundant', 100003, 'rehearsal');
INSERT INTO public.file_routing (id, file_id, table_name, table_id, type) VALUES (9325235, 1119900, 'delay', 100004, 'bad');
INSERT INTO public.file_routing (id, file_id, table_name, table_id, type) VALUES (9325236, 1119901, 'advice', 100005, 'nail');
INSERT INTO public.file_routing (id, file_id, table_name, table_id, type) VALUES (9325237, 1119902, 'means', 100006, 'guest');
INSERT INTO public.file_routing (id, file_id, table_name, table_id, type) VALUES (9325238, 1119903, 'ballet', 100007, 'night');
INSERT INTO public.file_routing (id, file_id, table_name, table_id, type) VALUES (9325239, 1119904, 'injury', 100008, 'stake');
INSERT INTO public.file_routing (id, file_id, table_name, table_id, type) VALUES (9325240, 1119905, 'advance', 100009, 'deficit');
INSERT INTO public.file_routing (id, file_id, table_name, table_id, type) VALUES (9325241, 1119906, 'wisecrack', 100010, 'victory');







INSERT INTO public.nomenclature (id, nomenclature_number, year, nomenclature_summary_id, company_unit_id, created_timestamp, created_by, updated_timestamp, updated_by) VALUES (56743, '439335053
', 2010, 969475, 11111, 1568054583, 8538, 1575916983, 8538);
INSERT INTO public.nomenclature (id, nomenclature_number, year, nomenclature_summary_id, company_unit_id, created_timestamp, created_by, updated_timestamp, updated_by) VALUES (56744, '439335054
', 2011, 969476, 11112, 1568054583, 8539, 1575916983, 8539);
INSERT INTO public.nomenclature (id, nomenclature_number, year, nomenclature_summary_id, company_unit_id, created_timestamp, created_by, updated_timestamp, updated_by) VALUES (56745, '439335055
', 2012, 969477, 11113, 1568054583, 8540, 1575916983, 8540);
INSERT INTO public.nomenclature (id, nomenclature_number, year, nomenclature_summary_id, company_unit_id, created_timestamp, created_by, updated_timestamp, updated_by) VALUES (56746, '439335056
', 2013, 969478, 11114, 1568054583, 8541, 1575916983, 8541);
INSERT INTO public.nomenclature (id, nomenclature_number, year, nomenclature_summary_id, company_unit_id, created_timestamp, created_by, updated_timestamp, updated_by) VALUES (56747, '439335057
', 2014, 969479, 11115, 1568054583, 8542, 1575916983, 8542);
INSERT INTO public.nomenclature (id, nomenclature_number, year, nomenclature_summary_id, company_unit_id, created_timestamp, created_by, updated_timestamp, updated_by) VALUES (56748, '439335058
', 2015, 969480, 11116, 1568054583, 8543, 1575916983, 8543);
INSERT INTO public.nomenclature (id, nomenclature_number, year, nomenclature_summary_id, company_unit_id, created_timestamp, created_by, updated_timestamp, updated_by) VALUES (56749, '439335059
', 2016, 969481, 11117, 1568054583, 8544, 1575916983, 8544);
INSERT INTO public.nomenclature (id, nomenclature_number, year, nomenclature_summary_id, company_unit_id, created_timestamp, created_by, updated_timestamp, updated_by) VALUES (56750, '439335060
', 2017, 969482, 11118, 1568054583, 8545, 1575916983, 8545);
INSERT INTO public.nomenclature (id, nomenclature_number, year, nomenclature_summary_id, company_unit_id, created_timestamp, created_by, updated_timestamp, updated_by) VALUES (56751, '439335061
', 2018, 969483, 11119, 1568054583, 8546, 1575916983, 8546);
INSERT INTO public.nomenclature (id, nomenclature_number, year, nomenclature_summary_id, company_unit_id, created_timestamp, created_by, updated_timestamp, updated_by) VALUES (56752, '439335062', 2019, 969484, 11120, 1568054583, 8547, 1575916983, 8547);






INSERT INTO public.nomenclature_summary (id, number, year, company_unit_id, created_timestamp, created_by, updated_timstamp, updated_by) VALUES (8224811, '724942
', 2010, 111111, 1567622583, 250, 1575909783, 940);
INSERT INTO public.nomenclature_summary (id, number, year, company_unit_id, created_timestamp, created_by, updated_timstamp, updated_by) VALUES (8224812, '724943
', 2011, 111112, 1567622583, 250, 1575909783, 941);
INSERT INTO public.nomenclature_summary (id, number, year, company_unit_id, created_timestamp, created_by, updated_timstamp, updated_by) VALUES (8224813, '724944
', 2012, 111113, 1567622583, 250, 1575909783, 942);
INSERT INTO public.nomenclature_summary (id, number, year, company_unit_id, created_timestamp, created_by, updated_timstamp, updated_by) VALUES (8224814, '724945
', 2013, 111114, 1567622583, 250, 1575909783, 943);
INSERT INTO public.nomenclature_summary (id, number, year, company_unit_id, created_timestamp, created_by, updated_timstamp, updated_by) VALUES (8224815, '724946
', 2014, 111115, 1567622583, 250, 1575909783, 944);
INSERT INTO public.nomenclature_summary (id, number, year, company_unit_id, created_timestamp, created_by, updated_timstamp, updated_by) VALUES (8224816, '724947
', 2015, 111116, 1567622583, 250, 1575909783, 945);
INSERT INTO public.nomenclature_summary (id, number, year, company_unit_id, created_timestamp, created_by, updated_timstamp, updated_by) VALUES (8224817, '724948
', 2016, 111117, 1567622583, 250, 1575909783, 946);
INSERT INTO public.nomenclature_summary (id, number, year, company_unit_id, created_timestamp, created_by, updated_timstamp, updated_by) VALUES (8224818, '724949
', 2017, 111118, 1567622583, 250, 1575909783, 947);
INSERT INTO public.nomenclature_summary (id, number, year, company_unit_id, created_timestamp, created_by, updated_timstamp, updated_by) VALUES (8224819, '724950
', 2018, 111119, 1567622583, 250, 1575909783, 948);
INSERT INTO public.nomenclature_summary (id, number, year, company_unit_id, created_timestamp, created_by, updated_timstamp, updated_by) VALUES (8224820, '724951', 2019, 111120, 1567622583, 250, 1575909783, 949);





INSERT INTO public.notification (id, object_type, object_id, company_unit_id, user_id, created_timestamp, viewed_timestamp, is_viewed, title, text, company_id) VALUES (66982, 'literature', 22273, 11111, 829420, 1575909783, 1594312983, true, 'cord', 'pony', 7756482);
INSERT INTO public.notification (id, object_type, object_id, company_unit_id, user_id, created_timestamp, viewed_timestamp, is_viewed, title, text, company_id) VALUES (66983, 'incredible', 22273, 11112, 829421, 1575909783, 1594312983, true, 'prejudice', 'restrain', 7756483);
INSERT INTO public.notification (id, object_type, object_id, company_unit_id, user_id, created_timestamp, viewed_timestamp, is_viewed, title, text, company_id) VALUES (66984, 'recover', 22273, 11113, 829422, 1575909783, 1594312983, true, 'classify', 'global', 7756484);
INSERT INTO public.notification (id, object_type, object_id, company_unit_id, user_id, created_timestamp, viewed_timestamp, is_viewed, title, text, company_id) VALUES (66985, 'driver', 22273, 11114, 829423, 1575909783, 1594312983, false, 'fit', 'passion', 7756485);
INSERT INTO public.notification (id, object_type, object_id, company_unit_id, user_id, created_timestamp, viewed_timestamp, is_viewed, title, text, company_id) VALUES (66986, 'extent', 22273, 11115, 829424, 1575909783, 1594312983, true, 'user', 'depart', 7756486);
INSERT INTO public.notification (id, object_type, object_id, company_unit_id, user_id, created_timestamp, viewed_timestamp, is_viewed, title, text, company_id) VALUES (66987, 'bolt', 22273, 11116, 829425, 1575909783, 1594312983, false, 'fault', 'iron', 7756487);
INSERT INTO public.notification (id, object_type, object_id, company_unit_id, user_id, created_timestamp, viewed_timestamp, is_viewed, title, text, company_id) VALUES (66988, 'hostile', 22273, 11117, 829426, 1575909783, 1594312983, false, 'breakdown', 'navy', 7756488);
INSERT INTO public.notification (id, object_type, object_id, company_unit_id, user_id, created_timestamp, viewed_timestamp, is_viewed, title, text, company_id) VALUES (66989, 'lose', 22273, 11118, 829427, 1575909783, 1594312983, false, 'penalty', 'coup', 7756489);
INSERT INTO public.notification (id, object_type, object_id, company_unit_id, user_id, created_timestamp, viewed_timestamp, is_viewed, title, text, company_id) VALUES (66990, 'obese', 22273, 11119, 829428, 1575909783, 1594312983, true, 'funeral', 'bee', 7756490);
INSERT INTO public.notification (id, object_type, object_id, company_unit_id, user_id, created_timestamp, viewed_timestamp, is_viewed, title, text, company_id) VALUES (66991, 'secure', 22273, 11120, 829429, 1575909783, 1594312983, false, 'sentence', 'torture', 7756491);





INSERT INTO public.request_status_history (id, request_id, status, created_timestamp, created_by, updated_timestamp, updated_by) VALUES (924821, 1122, 'pawn', 1594312983, 743, 1599928983, 812);
INSERT INTO public.request_status_history (id, request_id, status, created_timestamp, created_by, updated_timestamp, updated_by) VALUES (924822, 1123, 'jaw', 1594312983, 744, 1599928983, 813);
INSERT INTO public.request_status_history (id, request_id, status, created_timestamp, created_by, updated_timestamp, updated_by) VALUES (924823, 1124, 'cluster', 1594312983, 745, 1599928983, 814);
INSERT INTO public.request_status_history (id, request_id, status, created_timestamp, created_by, updated_timestamp, updated_by) VALUES (924824, 1125, 'parachute', 1594312983, 746, 1599928983, 815);
INSERT INTO public.request_status_history (id, request_id, status, created_timestamp, created_by, updated_timestamp, updated_by) VALUES (924825, 1126, 'vein', 1594312983, 747, 1599928983, 816);
INSERT INTO public.request_status_history (id, request_id, status, created_timestamp, created_by, updated_timestamp, updated_by) VALUES (924826, 1127, 'referral', 1594312983, 748, 1599928983, 817);
INSERT INTO public.request_status_history (id, request_id, status, created_timestamp, created_by, updated_timestamp, updated_by) VALUES (924827, 1128, 'behead', 1594312983, 749, 1599928983, 818);
INSERT INTO public.request_status_history (id, request_id, status, created_timestamp, created_by, updated_timestamp, updated_by) VALUES (924828, 1129, 'reconcile', 1594312983, 750, 1599928983, 819);
INSERT INTO public.request_status_history (id, request_id, status, created_timestamp, created_by, updated_timestamp, updated_by) VALUES (924829, 1130, 'bulb', 1594312983, 751, 1599928983, 820);
INSERT INTO public.request_status_history (id, request_id, status, created_timestamp, created_by, updated_timestamp, updated_by) VALUES (924830, 1131, 'resource', 1594312983, 752, 1599928983, 821);




INSERT INTO public.searchkey (id, name, company_unit_id, created_timestamp, created_by, updated_timestamp, updated_by) VALUES (898989, 'waterfall', 11111, 1520196183, 920, 1560112983, 750);
INSERT INTO public.searchkey (id, name, company_unit_id, created_timestamp, created_by, updated_timestamp, updated_by) VALUES (898990, 'cabin', 11112, 1520196183, 921, 1560112983, 751);
INSERT INTO public.searchkey (id, name, company_unit_id, created_timestamp, created_by, updated_timestamp, updated_by) VALUES (898991, 'cater', 11113, 1520196183, 922, 1560112983, 752);
INSERT INTO public.searchkey (id, name, company_unit_id, created_timestamp, created_by, updated_timestamp, updated_by) VALUES (898992, 'return', 11114, 1520196183, 923, 1560112983, 753);
INSERT INTO public.searchkey (id, name, company_unit_id, created_timestamp, created_by, updated_timestamp, updated_by) VALUES (898993, 'belong', 11115, 1520196183, 924, 1560112983, 754);
INSERT INTO public.searchkey (id, name, company_unit_id, created_timestamp, created_by, updated_timestamp, updated_by) VALUES (898994, 'yard', 11116, 1520196183, 925, 1560112983, 755);
INSERT INTO public.searchkey (id, name, company_unit_id, created_timestamp, created_by, updated_timestamp, updated_by) VALUES (898995, 'notion', 11117, 1520196183, 926, 1560112983, 756);
INSERT INTO public.searchkey (id, name, company_unit_id, created_timestamp, created_by, updated_timestamp, updated_by) VALUES (898996, 'elegant', 11118, 1520196183, 927, 1560112983, 757);
INSERT INTO public.searchkey (id, name, company_unit_id, created_timestamp, created_by, updated_timestamp, updated_by) VALUES (898997, 'shine', 11119, 1520196183, 928, 1560112983, 758);
INSERT INTO public.searchkey (id, name, company_unit_id, created_timestamp, created_by, updated_timestamp, updated_by) VALUES (898998, 'discovery', 11120, 1520196183, 929, 1560112983, 759);






INSERT INTO public.search_key_routing (id, search_key_id, table_name, table_id, type) VALUES (124792, 898989, 'tone', 100001, 'state');
INSERT INTO public.search_key_routing (id, search_key_id, table_name, table_id, type) VALUES (124793, 898990, 'gregarious', 100002, 'listen');
INSERT INTO public.search_key_routing (id, search_key_id, table_name, table_id, type) VALUES (124794, 898991, 'assertive', 100003, 'obscure');
INSERT INTO public.search_key_routing (id, search_key_id, table_name, table_id, type) VALUES (124795, 898992, 'stick', 100004, 'nervous');
INSERT INTO public.search_key_routing (id, search_key_id, table_name, table_id, type) VALUES (124796, 898993, 'seed', 100005, 'text');
INSERT INTO public.search_key_routing (id, search_key_id, table_name, table_id, type) VALUES (124797, 898994, 'insight', 100006, 'halt');
INSERT INTO public.search_key_routing (id, search_key_id, table_name, table_id, type) VALUES (124798, 898995, 'other', 100007, 'pump');
INSERT INTO public.search_key_routing (id, search_key_id, table_name, table_id, type) VALUES (124799, 898996, 'arrangement', 100008, 'drown');
INSERT INTO public.search_key_routing (id, search_key_id, table_name, table_id, type) VALUES (124800, 898997, 'viable', 100009, 'indirect');
INSERT INTO public.search_key_routing (id, search_key_id, table_name, table_id, type) VALUES (124801, 898998, 'lease', 100010, 'cycle');




INSERT INTO public.share (id, request_id, note, sender_id, receiver_id, share_timestamp) VALUES (444888, 1122, 'headquarters', 767473, 9382948, 1560112983);
INSERT INTO public.share (id, request_id, note, sender_id, receiver_id, share_timestamp) VALUES (444889, 1123, 'whole', 767474, 9382949, 1560112983);
INSERT INTO public.share (id, request_id, note, sender_id, receiver_id, share_timestamp) VALUES (444890, 1124, 'quote', 767475, 9382950, 1560112983);
INSERT INTO public.share (id, request_id, note, sender_id, receiver_id, share_timestamp) VALUES (444891, 1125, 'other', 767476, 9382951, 1560112983);
INSERT INTO public.share (id, request_id, note, sender_id, receiver_id, share_timestamp) VALUES (444892, 1126, 'bomber', 767477, 9382952, 1560112983);
INSERT INTO public.share (id, request_id, note, sender_id, receiver_id, share_timestamp) VALUES (444893, 1127, 'outlet', 767478, 9382953, 1560112983);
INSERT INTO public.share (id, request_id, note, sender_id, receiver_id, share_timestamp) VALUES (444894, 1128, 'movie', 767479, 9382954, 1560112983);
INSERT INTO public.share (id, request_id, note, sender_id, receiver_id, share_timestamp) VALUES (444895, 1129, 'bee', 767480, 9382955, 1560112983);
INSERT INTO public.share (id, request_id, note, sender_id, receiver_id, share_timestamp) VALUES (444896, 1130, 'evaluate', 767481, 9382956, 1560112983);
INSERT INTO public.share (id, request_id, note, sender_id, receiver_id, share_timestamp) VALUES (444897, 1131, 'please', 767482, 9382957, 1560112983);




INSERT INTO public.users (id, auth_id, name, fullname, surname, secondname, status, company_unit_id, password, last_login_timestamp, iin, is_active, is_activated, created_timestamp, created_by, updated_timestamp, updated_by) VALUES (2954739, 11111, 'approach', 'articulate', 'storage', 'skin', 'owner', 11111, 'minister', 1560112983, '1560112983', true, true, 1568299383, 372, 1599921783, 560);
INSERT INTO public.users (id, auth_id, name, fullname, surname, secondname, status, company_unit_id, password, last_login_timestamp, iin, is_active, is_activated, created_timestamp, created_by, updated_timestamp, updated_by) VALUES (2954740, 11112, 'publisher', 'cattle', 'snap', 'visible', 'room', 11112, 'brick', 1560112983, '1560112983', true, true, 1568299383, 373, 1599921783, 561);
INSERT INTO public.users (id, auth_id, name, fullname, surname, secondname, status, company_unit_id, password, last_login_timestamp, iin, is_active, is_activated, created_timestamp, created_by, updated_timestamp, updated_by) VALUES (2954741, 11113, 'exaggerate', 'information', 'packet', 'intermediate', 'ideology', 11113, 'confession', 1560112983, '1560112983', false, false, 1568299383, 374, 1599921783, 562);
INSERT INTO public.users (id, auth_id, name, fullname, surname, secondname, status, company_unit_id, password, last_login_timestamp, iin, is_active, is_activated, created_timestamp, created_by, updated_timestamp, updated_by) VALUES (2954742, 11114, 'pack', 'review', 'rule', 'lose', 'member', 11114, 'tank', 1560112983, '1560112983', true, true, 1568299383, 375, 1599921783, 563);
INSERT INTO public.users (id, auth_id, name, fullname, surname, secondname, status, company_unit_id, password, last_login_timestamp, iin, is_active, is_activated, created_timestamp, created_by, updated_timestamp, updated_by) VALUES (2954743, 11115, 'notebook', 'minimize', 'persist', 'sweep', 'shrink', 11115, 'association', 1560112983, '1560112983', false, false, 1568299383, 376, 1599921783, 564);
INSERT INTO public.users (id, auth_id, name, fullname, surname, secondname, status, company_unit_id, password, last_login_timestamp, iin, is_active, is_activated, created_timestamp, created_by, updated_timestamp, updated_by) VALUES (2954744, 11116, 'freedom', 'bark', 'threshold', 'chief', 'relative', 11116, 'poor', 1560112983, '1560112983', true, true, 1568299383, 377, 1599921783, 565);
INSERT INTO public.users (id, auth_id, name, fullname, surname, secondname, status, company_unit_id, password, last_login_timestamp, iin, is_active, is_activated, created_timestamp, created_by, updated_timestamp, updated_by) VALUES (2954745, 11117, 'key', 'achievement', 'brilliance', 'smart', 'senior', 11117, 'brown', 1560112983, '1560112983', true, true, 1568299383, 378, 1599921783, 566);
INSERT INTO public.users (id, auth_id, name, fullname, surname, secondname, status, company_unit_id, password, last_login_timestamp, iin, is_active, is_activated, created_timestamp, created_by, updated_timestamp, updated_by) VALUES (2954746, 11118, 'heroin', 'regulation', 'friend', 'nursery', 'forbid', 11118, 'south', 1560112983, '1560112983', false, false, 1568299383, 379, 1599921783, 567);
INSERT INTO public.users (id, auth_id, name, fullname, surname, secondname, status, company_unit_id, password, last_login_timestamp, iin, is_active, is_activated, created_timestamp, created_by, updated_timestamp, updated_by) VALUES (2954747, 11119, 'society', 'script', 'dentist', 'edge', 'station', 11119, 'have', 1560112983, '1560112983', true, true, 1568299383, 380, 1599921783, 568);
INSERT INTO public.users (id, auth_id, name, fullname, surname, secondname, status, company_unit_id, password, last_login_timestamp, iin, is_active, is_activated, created_timestamp, created_by, updated_timestamp, updated_by) VALUES (2954748, 11120, 'steward', 'scale', 'praise', 'tray', 'guerrilla', 11120, 'improvement', 1560112983, '1560112983', true, true, 1568299383, 381, 1599921783, 569);

